{
  "bookmarks": [
    {
      "id": 1,
      "name": "Angular",
      "url": "www.angular.org",
      "group": "personal"
    },
    {
      "id": 3,
      "name": "Vue",
      "url": "www.vue.org",
      "group": "leisure"
    },
    {
      "name": "tesr",
      "url": "test.org",
      "group": "leisure",
      "id": 4
    },
    {
      "name": "tesree",
      "url": "test.org",
      "group": "work",
      "id": 5
    },
    {
      "name": "supriya",
      "url": "test.org",
      "group": "personal",
      "id": 6
    }
  ]
}